DateTime_UTC	DateTime_TZ	Vertical_Acceleration	Vertical_Displacement
2024-08-01 00:00:00+00:00	2024-07-31 21:00:00-03:00	8.113930E+01	-1.571530E+01
2024-08-01 01:00:00+00:00	2024-07-31 22:00:00-03:00	-3.197910E+02	6.259180E+01
2024-08-01 02:00:00+00:00	2024-07-31 23:00:00-03:00	-7.315060E+02	1.429450E+02
2024-08-01 03:00:00+00:00	2024-08-01 00:00:00-03:00	-1.082960E+03	2.116510E+02
2024-08-01 04:00:00+00:00	2024-08-01 01:00:00-03:00	-1.308430E+03	2.560000E+02
2024-08-01 05:00:00+00:00	2024-08-01 02:00:00-03:00	-1.363220E+03	2.672280E+02
2024-08-01 06:00:00+00:00	2024-08-01 03:00:00-03:00	-1.234530E+03	2.426270E+02
2024-08-01 07:00:00+00:00	2024-08-01 04:00:00-03:00	-9.447830E+02	1.862790E+02
2024-08-01 08:00:00+00:00	2024-08-01 05:00:00-03:00	-5.464570E+02	1.081880E+02
2024-08-01 09:00:00+00:00	2024-08-01 06:00:00-03:00	-1.098930E+02	2.204000E+01
2024-08-01 10:00:00+00:00	2024-08-01 07:00:00-03:00	2.926820E+02	-5.787080E+01
2024-08-01 11:00:00+00:00	2024-08-01 08:00:00-03:00	6.029560E+02	-1.197870E+02
2024-08-01 12:00:00+00:00	2024-08-01 09:00:00-03:00	7.883060E+02	-1.569400E+02
2024-08-01 13:00:00+00:00	2024-08-01 10:00:00-03:00	8.469490E+02	-1.687210E+02
2024-08-01 14:00:00+00:00	2024-08-01 11:00:00-03:00	8.055060E+02	-1.603160E+02
2024-08-01 15:00:00+00:00	2024-08-01 12:00:00-03:00	7.098700E+02	-1.409130E+02
2024-08-01 16:00:00+00:00	2024-08-01 13:00:00-03:00	6.117590E+02	-1.209630E+02
2024-08-01 17:00:00+00:00	2024-08-01 14:00:00-03:00	5.542750E+02	-1.091960E+02
2024-08-01 18:00:00+00:00	2024-08-01 15:00:00-03:00	5.599630E+02	-1.101530E+02
2024-08-01 19:00:00+00:00	2024-08-01 16:00:00-03:00	6.243420E+02	-1.228870E+02
2024-08-01 20:00:00+00:00	2024-08-01 17:00:00-03:00	7.166370E+02	-1.411660E+02
2024-08-01 21:00:00+00:00	2024-08-01 18:00:00-03:00	7.878170E+02	-1.551810E+02
2024-08-01 22:00:00+00:00	2024-08-01 19:00:00-03:00	7.841970E+02	-1.543200E+02
2024-08-01 23:00:00+00:00	2024-08-01 20:00:00-03:00	6.633280E+02	-1.303300E+02
2024-08-02 00:00:00+00:00	2024-08-01 21:00:00-03:00	4.080330E+02	-8.000310E+01
2024-08-02 01:00:00+00:00	2024-08-01 22:00:00-03:00	3.460090E+01	-6.680050E+00
2024-08-02 02:00:00+00:00	2024-08-01 23:00:00-03:00	-4.075280E+02	7.991460E+01
2024-08-02 03:00:00+00:00	2024-08-02 00:00:00-03:00	-8.450610E+02	1.655180E+02
2024-08-02 04:00:00+00:00	2024-08-02 01:00:00-03:00	-1.197110E+03	2.344530E+02
2024-08-02 05:00:00+00:00	2024-08-02 02:00:00-03:00	-1.394330E+03	2.732580E+02
2024-08-02 06:00:00+00:00	2024-08-02 03:00:00-03:00	-1.395840E+03	2.739130E+02
2024-08-02 07:00:00+00:00	2024-08-02 04:00:00-03:00	-1.199480E+03	2.358210E+02
2024-08-02 08:00:00+00:00	2024-08-02 05:00:00-03:00	-8.425320E+02	1.660340E+02
2024-08-02 09:00:00+00:00	2024-08-02 06:00:00-03:00	-3.928790E+02	7.764690E+01
2024-08-02 10:00:00+00:00	2024-08-02 07:00:00-03:00	6.713960E+01	-1.323590E+01
2024-08-02 11:00:00+00:00	2024-08-02 08:00:00-03:00	4.598170E+02	-9.120390E+01
2024-08-02 12:00:00+00:00	2024-08-02 09:00:00-03:00	7.293180E+02	-1.449820E+02
2024-08-02 13:00:00+00:00	2024-08-02 10:00:00-03:00	8.528600E+02	-1.697660E+02
2024-08-02 14:00:00+00:00	2024-08-02 11:00:00-03:00	8.433430E+02	-1.678940E+02
2024-08-02 15:00:00+00:00	2024-08-02 12:00:00-03:00	7.431460E+02	-1.477200E+02
2024-08-02 16:00:00+00:00	2024-08-02 13:00:00-03:00	6.109540E+02	-1.210050E+02
2024-08-02 17:00:00+00:00	2024-08-02 14:00:00-03:00	5.050720E+02	-9.953060E+01
2024-08-02 18:00:00+00:00	2024-08-02 15:00:00-03:00	4.673910E+02	-9.178460E+01
2024-08-02 19:00:00+00:00	2024-08-02 16:00:00-03:00	5.119560E+02	-1.006000E+02
2024-08-02 20:00:00+00:00	2024-08-02 17:00:00-03:00	6.209350E+02	-1.223420E+02
2024-08-02 21:00:00+00:00	2024-08-02 18:00:00-03:00	7.491220E+02	-1.478770E+02
2024-08-02 22:00:00+00:00	2024-08-02 19:00:00-03:00	8.360300E+02	-1.650930E+02
2024-08-02 23:00:00+00:00	2024-08-02 20:00:00-03:00	8.227630E+02	-1.623320E+02
2024-08-03 00:00:00+00:00	2024-08-02 21:00:00-03:00	6.694960E+02	-1.318610E+02
2024-08-03 01:00:00+00:00	2024-08-02 22:00:00-03:00	3.689270E+02	-7.244750E+01
2024-08-03 02:00:00+00:00	2024-08-02 23:00:00-03:00	-4.813910E+01	9.669970E+00
2024-08-03 03:00:00+00:00	2024-08-03 00:00:00-03:00	-5.170910E+02	1.017360E+02
2024-08-03 04:00:00+00:00	2024-08-03 01:00:00-03:00	-9.531130E+02	1.871810E+02
2024-08-03 05:00:00+00:00	2024-08-03 02:00:00-03:00	-1.270880E+03	2.494260E+02
2024-08-03 06:00:00+00:00	2024-08-03 03:00:00-03:00	-1.405280E+03	2.758290E+02
2024-08-03 07:00:00+00:00	2024-08-03 04:00:00-03:00	-1.327660E+03	2.607770E+02
2024-08-03 08:00:00+00:00	2024-08-03 05:00:00-03:00	-1.053130E+03	2.071010E+02
2024-08-03 09:00:00+00:00	2024-08-03 06:00:00-03:00	-6.370170E+02	1.254450E+02
2024-08-03 10:00:00+00:00	2024-08-03 07:00:00-03:00	-1.613710E+02	3.175060E+01
2024-08-03 11:00:00+00:00	2024-08-03 08:00:00-03:00	2.848430E+02	-5.652050E+01
2024-08-03 12:00:00+00:00	2024-08-03 09:00:00-03:00	6.265860E+02	-1.244470E+02
2024-08-03 13:00:00+00:00	2024-08-03 10:00:00-03:00	8.193460E+02	-1.629800E+02
2024-08-03 14:00:00+00:00	2024-08-03 11:00:00-03:00	8.574590E+02	-1.707240E+02
2024-08-03 15:00:00+00:00	2024-08-03 12:00:00-03:00	7.724080E+02	-1.537420E+02
2024-08-03 16:00:00+00:00	2024-08-03 13:00:00-03:00	6.219650E+02	-1.234960E+02
2024-08-03 17:00:00+00:00	2024-08-03 14:00:00-03:00	4.732490E+02	-9.347190E+01
2024-08-03 18:00:00+00:00	2024-08-03 15:00:00-03:00	3.841160E+02	-7.538390E+01
2024-08-03 19:00:00+00:00	2024-08-03 16:00:00-03:00	3.875550E+02	-7.594290E+01
2024-08-03 20:00:00+00:00	2024-08-03 17:00:00-03:00	4.828670E+02	-9.501380E+01
2024-08-03 21:00:00+00:00	2024-08-03 18:00:00-03:00	6.357740E+02	-1.256420E+02
2024-08-03 22:00:00+00:00	2024-08-03 19:00:00-03:00	7.874690E+02	-1.559460E+02
2024-08-03 23:00:00+00:00	2024-08-03 20:00:00-03:00	8.704900E+02	-1.724050E+02
2024-08-04 00:00:00+00:00	2024-08-03 21:00:00-03:00	8.276000E+02	-1.636960E+02
2024-08-04 01:00:00+00:00	2024-08-03 22:00:00-03:00	6.289250E+02	-1.240860E+02
2024-08-04 02:00:00+00:00	2024-08-03 23:00:00-03:00	2.827840E+02	-5.547240E+01
2024-08-04 03:00:00+00:00	2024-08-04 00:00:00-03:00	-1.630250E+02	3.251200E+01
2024-08-04 04:00:00+00:00	2024-08-04 01:00:00-03:00	-6.303420E+02	1.244120E+02
2024-08-04 05:00:00+00:00	2024-08-04 02:00:00-03:00	-1.028310E+03	2.024530E+02
2024-08-04 06:00:00+00:00	2024-08-04 03:00:00-03:00	-1.275210E+03	2.507600E+02
2024-08-04 07:00:00+00:00	2024-08-04 04:00:00-03:00	-1.318810E+03	2.592220E+02
2024-08-04 08:00:00+00:00	2024-08-04 05:00:00-03:00	-1.149580E+03	2.259990E+02
2024-08-04 09:00:00+00:00	2024-08-04 06:00:00-03:00	-8.033580E+02	1.580170E+02
2024-08-04 10:00:00+00:00	2024-08-04 07:00:00-03:00	-3.524630E+02	6.930150E+01
2024-08-04 11:00:00+00:00	2024-08-04 08:00:00-03:00	1.122050E+02	-2.241070E+01
2024-08-04 12:00:00+00:00	2024-08-04 09:00:00-03:00	5.032740E+02	-9.991570E+01
2024-08-04 13:00:00+00:00	2024-08-04 10:00:00-03:00	7.574030E+02	-1.505580E+02
2024-08-04 14:00:00+00:00	2024-08-04 11:00:00-03:00	8.489230E+02	-1.690010E+02
2024-08-04 15:00:00+00:00	2024-08-04 12:00:00-03:00	7.934160E+02	-1.580770E+02
2024-08-04 16:00:00+00:00	2024-08-04 13:00:00-03:00	6.407480E+02	-1.275520E+02
2024-08-04 17:00:00+00:00	2024-08-04 14:00:00-03:00	4.597810E+02	-9.115740E+01
2024-08-04 18:00:00+00:00	2024-08-04 15:00:00-03:00	3.189910E+02	-6.270610E+01
2024-08-04 19:00:00+00:00	2024-08-04 16:00:00-03:00	2.679700E+02	-5.229130E+01
2024-08-04 20:00:00+00:00	2024-08-04 17:00:00-03:00	3.244180E+02	-6.355980E+01
2024-08-04 21:00:00+00:00	2024-08-04 18:00:00-03:00	4.696620E+02	-9.274600E+01
2024-08-04 22:00:00+00:00	2024-08-04 19:00:00-03:00	6.537340E+02	-1.297100E+02
2024-08-04 23:00:00+00:00	2024-08-04 20:00:00-03:00	8.086980E+02	-1.607140E+02
2024-08-05 00:00:00+00:00	2024-08-04 21:00:00-03:00	8.670460E+02	-1.722200E+02
2024-08-05 01:00:00+00:00	2024-08-04 22:00:00-03:00	7.806500E+02	-1.547420E+02
2024-08-05 02:00:00+00:00	2024-08-04 23:00:00-03:00	5.354860E+02	-1.057350E+02
2024-08-05 03:00:00+00:00	2024-08-05 00:00:00-03:00	1.581180E+02	-3.075370E+01
2024-08-05 04:00:00+00:00	2024-08-05 01:00:00-03:00	-2.881620E+02	5.748430E+01
2024-08-05 05:00:00+00:00	2024-08-05 02:00:00-03:00	-7.170810E+02	1.419190E+02
2024-08-05 06:00:00+00:00	2024-08-05 03:00:00-03:00	-1.039850E+03	2.051910E+02
2024-08-05 07:00:00+00:00	2024-08-05 04:00:00-03:00	-1.187120E+03	2.338670E+02
2024-08-05 08:00:00+00:00	2024-08-05 05:00:00-03:00	-1.126670E+03	2.217760E+02
2024-08-05 09:00:00+00:00	2024-08-05 06:00:00-03:00	-8.717770E+02	1.715600E+02
2024-08-05 10:00:00+00:00	2024-08-05 07:00:00-03:00	-4.780920E+02	9.405310E+01
2024-08-05 11:00:00+00:00	2024-08-05 08:00:00-03:00	-2.964760E+01	5.619330E+00
2024-08-05 12:00:00+00:00	2024-08-05 09:00:00-03:00	3.821160E+02	-7.584120E+01
2024-08-05 13:00:00+00:00	2024-08-05 10:00:00-03:00	6.806620E+02	-1.351970E+02
2024-08-05 14:00:00+00:00	2024-08-05 11:00:00-03:00	8.221220E+02	-1.635890E+02
2024-08-05 15:00:00+00:00	2024-08-05 12:00:00-03:00	8.040380E+02	-1.602610E+02
2024-08-05 16:00:00+00:00	2024-08-05 13:00:00-03:00	6.631780E+02	-1.322810E+02
2024-08-05 17:00:00+00:00	2024-08-05 14:00:00-03:00	4.634960E+02	-9.228450E+01
2024-08-05 18:00:00+00:00	2024-08-05 15:00:00-03:00	2.777520E+02	-5.486240E+01
2024-08-05 19:00:00+00:00	2024-08-05 16:00:00-03:00	1.677410E+02	-3.255820E+01
2024-08-05 20:00:00+00:00	2024-08-05 17:00:00-03:00	1.681540E+02	-3.250870E+01
2024-08-05 21:00:00+00:00	2024-08-05 18:00:00-03:00	2.779290E+02	-5.458300E+01
2024-08-05 22:00:00+00:00	2024-08-05 19:00:00-03:00	4.610060E+02	-9.148060E+01
2024-08-05 23:00:00+00:00	2024-08-05 20:00:00-03:00	6.561130E+02	-1.307460E+02
2024-08-06 00:00:00+00:00	2024-08-05 21:00:00-03:00	7.931310E+02	-1.581740E+02
2024-08-06 01:00:00+00:00	2024-08-05 22:00:00-03:00	8.120540E+02	-1.617360E+02
2024-08-06 02:00:00+00:00	2024-08-05 23:00:00-03:00	6.799200E+02	-1.350080E+02
2024-08-06 03:00:00+00:00	2024-08-06 00:00:00-03:00	4.013730E+02	-7.920110E+01
2024-08-06 04:00:00+00:00	2024-08-06 01:00:00-03:00	1.990830E+01	-3.252000E+00
2024-08-06 05:00:00+00:00	2024-08-06 02:00:00-03:00	-3.909940E+02	7.810490E+01
2024-08-06 06:00:00+00:00	2024-08-06 03:00:00-03:00	-7.450040E+02	1.478210E+02
2024-08-06 07:00:00+00:00	2024-08-06 04:00:00-03:00	-9.642030E+02	1.907010E+02
2024-08-06 08:00:00+00:00	2024-08-06 05:00:00-03:00	-9.989090E+02	1.971910E+02
2024-08-06 09:00:00+00:00	2024-08-06 06:00:00-03:00	-8.406870E+02	1.657880E+02
2024-08-06 10:00:00+00:00	2024-08-06 07:00:00-03:00	-5.248400E+02	1.034530E+02
2024-08-06 11:00:00+00:00	2024-08-06 08:00:00-03:00	-1.215790E+02	2.388810E+01
2024-08-06 12:00:00+00:00	2024-08-06 09:00:00-03:00	2.817640E+02	-5.585410E+01
2024-08-06 13:00:00+00:00	2024-08-06 10:00:00-03:00	6.026410E+02	-1.195590E+02
2024-08-06 14:00:00+00:00	2024-08-06 11:00:00-03:00	7.833670E+02	-1.557410E+02
2024-08-06 15:00:00+00:00	2024-08-06 12:00:00-03:00	8.041210E+02	-1.602460E+02
2024-08-06 16:00:00+00:00	2024-08-06 13:00:00-03:00	6.856940E+02	-1.369260E+02
2024-08-06 17:00:00+00:00	2024-08-06 14:00:00-03:00	4.817200E+02	-9.625510E+01
2024-08-06 18:00:00+00:00	2024-08-06 15:00:00-03:00	2.628790E+02	-5.230150E+01
2024-08-06 19:00:00+00:00	2024-08-06 16:00:00-03:00	9.752710E+01	-1.887390E+01
2024-08-06 20:00:00+00:00	2024-08-06 17:00:00-03:00	3.384090E+01	-5.853700E+00
2024-08-06 21:00:00+00:00	2024-08-06 18:00:00-03:00	8.786420E+01	-1.664880E+01
2024-08-06 22:00:00+00:00	2024-08-06 19:00:00-03:00	2.401560E+02	-4.739920E+01
2024-08-06 23:00:00+00:00	2024-08-06 20:00:00-03:00	4.415540E+02	-8.810900E+01
2024-08-07 00:00:00+00:00	2024-08-06 21:00:00-03:00	6.264130E+02	-1.253920E+02
2024-08-07 01:00:00+00:00	2024-08-06 22:00:00-03:00	7.300460E+02	-1.461170E+02
2024-08-07 02:00:00+00:00	2024-08-06 23:00:00-03:00	7.061390E+02	-1.410200E+02
2024-08-07 03:00:00+00:00	2024-08-07 00:00:00-03:00	5.398830E+02	-1.073420E+02
2024-08-07 04:00:00+00:00	2024-08-07 01:00:00-03:00	2.534580E+02	-4.981990E+01
2024-08-07 05:00:00+00:00	2024-08-07 02:00:00-03:00	-9.784560E+01	2.026370E+01
2024-08-07 06:00:00+00:00	2024-08-07 03:00:00-03:00	-4.382940E+02	8.775500E+01
2024-08-07 07:00:00+00:00	2024-08-07 04:00:00-03:00	-6.902580E+02	1.373600E+02
2024-08-07 08:00:00+00:00	2024-08-07 05:00:00-03:00	-7.939830E+02	1.574890E+02
2024-08-07 09:00:00+00:00	2024-08-07 06:00:00-03:00	-7.232950E+02	1.432070E+02
2024-08-07 10:00:00+00:00	2024-08-07 07:00:00-03:00	-4.928380E+02	9.752760E+01
2024-08-07 11:00:00+00:00	2024-08-07 08:00:00-03:00	-1.546880E+02	3.068810E+01
2024-08-07 12:00:00+00:00	2024-08-07 09:00:00-03:00	2.148590E+02	-4.240330E+01
2024-08-07 13:00:00+00:00	2024-08-07 10:00:00-03:00	5.347440E+02	-1.058780E+02
2024-08-07 14:00:00+00:00	2024-08-07 11:00:00-03:00	7.394990E+02	-1.468100E+02
2024-08-07 15:00:00+00:00	2024-08-07 12:00:00-03:00	7.950050E+02	-1.582930E+02
2024-08-07 16:00:00+00:00	2024-08-07 13:00:00-03:00	7.055920E+02	-1.409190E+02
2024-08-07 17:00:00+00:00	2024-08-07 14:00:00-03:00	5.109290E+02	-1.023130E+02
2024-08-07 18:00:00+00:00	2024-08-07 15:00:00-03:00	2.739760E+02	-5.489190E+01
2024-08-07 19:00:00+00:00	2024-08-07 16:00:00-03:00	6.358590E+01	-1.247280E+01
2024-08-07 20:00:00+00:00	2024-08-07 17:00:00-03:00	-6.350800E+01	1.336260E+01
2024-08-07 21:00:00+00:00	2024-08-07 18:00:00-03:00	-7.673680E+01	1.621720E+01
2024-08-07 22:00:00+00:00	2024-08-07 19:00:00-03:00	2.150290E+01	-3.595160E+00
2024-08-07 23:00:00+00:00	2024-08-07 20:00:00-03:00	1.975910E+02	-3.929830E+01
2024-08-08 00:00:00+00:00	2024-08-07 21:00:00-03:00	3.961770E+02	-7.957790E+01
2024-08-08 01:00:00+00:00	2024-08-07 22:00:00-03:00	5.549100E+02	-1.116630E+02
2024-08-08 02:00:00+00:00	2024-08-07 23:00:00-03:00	6.208000E+02	-1.247720E+02
2024-08-08 03:00:00+00:00	2024-08-08 00:00:00-03:00	5.643160E+02	-1.130360E+02
2024-08-08 04:00:00+00:00	2024-08-08 01:00:00-03:00	3.878010E+02	-7.716700E+01
2024-08-08 05:00:00+00:00	2024-08-08 02:00:00-03:00	1.259800E+02	-2.441810E+01
2024-08-08 06:00:00+00:00	2024-08-08 03:00:00-03:00	-1.618480E+02	3.315170E+01
2024-08-08 07:00:00+00:00	2024-08-08 04:00:00-03:00	-4.063230E+02	8.169300E+01
2024-08-08 08:00:00+00:00	2024-08-08 05:00:00-03:00	-5.457200E+02	1.090930E+02
2024-08-08 09:00:00+00:00	2024-08-08 06:00:00-03:00	-5.422640E+02	1.081050E+02
2024-08-08 10:00:00+00:00	2024-08-08 07:00:00-03:00	-3.925610E+02	7.825530E+01
2024-08-08 11:00:00+00:00	2024-08-08 08:00:00-03:00	-1.291030E+02	2.603130E+01
2024-08-08 12:00:00+00:00	2024-08-08 09:00:00-03:00	1.877550E+02	-3.672340E+01
2024-08-08 13:00:00+00:00	2024-08-08 10:00:00-03:00	4.852510E+02	-9.577410E+01
2024-08-08 14:00:00+00:00	2024-08-08 11:00:00-03:00	6.968490E+02	-1.380490E+02
2024-08-08 15:00:00+00:00	2024-08-08 12:00:00-03:00	7.789300E+02	-1.548490E+02
2024-08-08 16:00:00+00:00	2024-08-08 13:00:00-03:00	7.210580E+02	-1.438860E+02
2024-08-08 17:00:00+00:00	2024-08-08 14:00:00-03:00	5.472710E+02	-1.096530E+02
2024-08-08 18:00:00+00:00	2024-08-08 15:00:00-03:00	3.084330E+02	-6.206150E+01
2024-08-08 19:00:00+00:00	2024-08-08 16:00:00-03:00	6.808760E+01	-1.375530E+01
2024-08-08 20:00:00+00:00	2024-08-08 17:00:00-03:00	-1.141640E+02	2.317690E+01
2024-08-08 21:00:00+00:00	2024-08-08 18:00:00-03:00	-1.973710E+02	4.023420E+01
2024-08-08 22:00:00+00:00	2024-08-08 19:00:00-03:00	-1.684710E+02	3.452140E+01
2024-08-08 23:00:00+00:00	2024-08-08 20:00:00-03:00	-4.414030E+01	9.276480E+00
2024-08-09 00:00:00+00:00	2024-08-08 21:00:00-03:00	1.347520E+02	-2.717940E+01
2024-08-09 01:00:00+00:00	2024-08-08 22:00:00-03:00	3.143660E+02	-6.376080E+01
2024-08-09 02:00:00+00:00	2024-08-08 23:00:00-03:00	4.419390E+02	-8.959460E+01
2024-08-09 03:00:00+00:00	2024-08-09 00:00:00-03:00	4.793110E+02	-9.689420E+01
2024-08-09 04:00:00+00:00	2024-08-09 01:00:00-03:00	4.127760E+02	-8.300730E+01
2024-08-09 05:00:00+00:00	2024-08-09 02:00:00-03:00	2.569230E+02	-5.112610E+01
2024-08-09 06:00:00+00:00	2024-08-09 03:00:00-03:00	5.136460E+01	-9.478130E+00
2024-08-09 07:00:00+00:00	2024-08-09 04:00:00-03:00	-1.490600E+02	3.079880E+01
2024-08-09 08:00:00+00:00	2024-08-09 05:00:00-03:00	-2.884080E+02	5.856070E+01
2024-08-09 09:00:00+00:00	2024-08-09 06:00:00-03:00	-3.245490E+02	6.559410E+01
2024-08-09 10:00:00+00:00	2024-08-09 07:00:00-03:00	-2.408970E+02	4.881950E+01
2024-08-09 11:00:00+00:00	2024-08-09 08:00:00-03:00	-5.159460E+01	1.117830E+01
2024-08-09 12:00:00+00:00	2024-08-09 09:00:00-03:00	2.014800E+02	-3.903910E+01
2024-08-09 13:00:00+00:00	2024-08-09 10:00:00-03:00	4.592560E+02	-9.025350E+01
2024-08-09 14:00:00+00:00	2024-08-09 11:00:00-03:00	6.607030E+02	-1.305040E+02
2024-08-09 15:00:00+00:00	2024-08-09 12:00:00-03:00	7.585250E+02	-1.504400E+02
2024-08-09 16:00:00+00:00	2024-08-09 13:00:00-03:00	7.310080E+02	-1.456100E+02
2024-08-09 17:00:00+00:00	2024-08-09 14:00:00-03:00	5.868710E+02	-1.174790E+02
2024-08-09 18:00:00+00:00	2024-08-09 15:00:00-03:00	3.620850E+02	-7.293420E+01
2024-08-09 19:00:00+00:00	2024-08-09 16:00:00-03:00	1.098520E+02	-2.244230E+01
2024-08-09 20:00:00+00:00	2024-08-09 17:00:00-03:00	-1.132260E+02	2.261590E+01
2024-08-09 21:00:00+00:00	2024-08-09 18:00:00-03:00	-2.610220E+02	5.274170E+01
2024-08-09 22:00:00+00:00	2024-08-09 19:00:00-03:00	-3.082820E+02	6.253500E+01
2024-08-09 23:00:00+00:00	2024-08-09 20:00:00-03:00	-2.552650E+02	5.180320E+01
2024-08-10 00:00:00+00:00	2024-08-09 21:00:00-03:00	-1.259510E+02	2.533500E+01
2024-08-10 01:00:00+00:00	2024-08-09 22:00:00-03:00	3.927460E+01	-8.551940E+00
2024-08-10 02:00:00+00:00	2024-08-09 23:00:00-03:00	1.943850E+02	-4.028190E+01
2024-08-10 03:00:00+00:00	2024-08-10 00:00:00-03:00	2.993160E+02	-6.152520E+01
2024-08-10 04:00:00+00:00	2024-08-10 01:00:00-03:00	3.297490E+02	-6.730870E+01
2024-08-10 05:00:00+00:00	2024-08-10 02:00:00-03:00	2.829170E+02	-5.721660E+01
2024-08-10 06:00:00+00:00	2024-08-10 03:00:00-03:00	1.780730E+02	-3.539620E+01
2024-08-10 07:00:00+00:00	2024-08-10 04:00:00-03:00	5.140570E+01	-9.377170E+00
2024-08-10 08:00:00+00:00	2024-08-10 05:00:00-03:00	-5.356010E+01	1.199210E+01
2024-08-10 09:00:00+00:00	2024-08-10 06:00:00-03:00	-9.780800E+01	2.095960E+01
2024-08-10 10:00:00+00:00	2024-08-10 07:00:00-03:00	-5.789040E+01	1.301210E+01
2024-08-10 11:00:00+00:00	2024-08-10 08:00:00-03:00	6.686290E+01	-1.182020E+01
2024-08-10 12:00:00+00:00	2024-08-10 09:00:00-03:00	2.531700E+02	-4.884650E+01
2024-08-10 13:00:00+00:00	2024-08-10 10:00:00-03:00	4.592020E+02	-8.982500E+01
2024-08-10 14:00:00+00:00	2024-08-10 11:00:00-03:00	6.352140E+02	-1.250110E+02
2024-08-10 15:00:00+00:00	2024-08-10 12:00:00-03:00	7.364650E+02	-1.456070E+02
2024-08-10 16:00:00+00:00	2024-08-10 13:00:00-03:00	7.348180E+02	-1.459680E+02
2024-08-10 17:00:00+00:00	2024-08-10 14:00:00-03:00	6.258330E+02	-1.249980E+02
2024-08-10 18:00:00+00:00	2024-08-10 15:00:00-03:00	4.295380E+02	-8.639240E+01
2024-08-10 19:00:00+00:00	2024-08-10 16:00:00-03:00	1.849380E+02	-3.769290E+01
2024-08-10 20:00:00+00:00	2024-08-10 17:00:00-03:00	-5.994610E+01	1.156290E+01
2024-08-10 21:00:00+00:00	2024-08-10 18:00:00-03:00	-2.596400E+02	5.210410E+01
2024-08-10 22:00:00+00:00	2024-08-10 19:00:00-03:00	-3.813310E+02	7.702260E+01
2024-08-10 23:00:00+00:00	2024-08-10 20:00:00-03:00	-4.111820E+02	8.320030E+01
2024-08-11 00:00:00+00:00	2024-08-10 21:00:00-03:00	-3.557060E+02	7.175990E+01
2024-08-11 01:00:00+00:00	2024-08-10 22:00:00-03:00	-2.384020E+02	4.748690E+01
2024-08-11 02:00:00+00:00	2024-08-10 23:00:00-03:00	-9.287650E+01	1.741980E+01
2024-08-11 03:00:00+00:00	2024-08-11 00:00:00-03:00	4.571290E+01	-1.101080E+01
2024-08-11 04:00:00+00:00	2024-08-11 01:00:00-03:00	1.489380E+02	-3.182490E+01
2024-08-11 05:00:00+00:00	2024-08-11 02:00:00-03:00	2.013900E+02	-4.187880E+01
2024-08-11 06:00:00+00:00	2024-08-11 03:00:00-03:00	2.036870E+02	-4.147430E+01
2024-08-11 07:00:00+00:00	2024-08-11 04:00:00-03:00	1.715540E+02	-3.406330E+01
2024-08-11 08:00:00+00:00	2024-08-11 05:00:00-03:00	1.310850E+02	-2.514110E+01
2024-08-11 09:00:00+00:00	2024-08-11 06:00:00-03:00	1.111880E+02	-2.061540E+01
2024-08-11 10:00:00+00:00	2024-08-11 07:00:00-03:00	1.350180E+02	-2.507440E+01
2024-08-11 11:00:00+00:00	2024-08-11 08:00:00-03:00	2.126620E+02	-4.040410E+01
2024-08-11 12:00:00+00:00	2024-08-11 09:00:00-03:00	3.372100E+02	-6.512400E+01
2024-08-11 13:00:00+00:00	2024-08-11 10:00:00-03:00	4.855080E+02	-9.462120E+01
2024-08-11 14:00:00+00:00	2024-08-11 11:00:00-03:00	6.235920E+02	-1.222320E+02
2024-08-11 15:00:00+00:00	2024-08-11 12:00:00-03:00	7.153660E+02	-1.408860E+02
2024-08-11 16:00:00+00:00	2024-08-11 13:00:00-03:00	7.320970E+02	-1.448900E+02
2024-08-11 17:00:00+00:00	2024-08-11 14:00:00-03:00	6.600380E+02	-1.313740E+02
2024-08-11 18:00:00+00:00	2024-08-11 15:00:00-03:00	5.041020E+02	-1.010530E+02
2024-08-11 19:00:00+00:00	2024-08-11 16:00:00-03:00	2.867290E+02	-5.811070E+01
2024-08-11 20:00:00+00:00	2024-08-11 17:00:00-03:00	4.249410E+01	-9.273970E+00
2024-08-11 21:00:00+00:00	2024-08-11 18:00:00-03:00	-1.898390E+02	3.766870E+01
2024-08-11 22:00:00+00:00	2024-08-11 19:00:00-03:00	-3.756180E+02	7.552220E+01
2024-08-11 23:00:00+00:00	2024-08-11 20:00:00-03:00	-4.909100E+02	9.911610E+01
2024-08-12 00:00:00+00:00	2024-08-11 21:00:00-03:00	-5.260920E+02	1.062010E+02
2024-08-12 01:00:00+00:00	2024-08-11 22:00:00-03:00	-4.860620E+02	9.764630E+01
2024-08-12 02:00:00+00:00	2024-08-11 23:00:00-03:00	-3.875160E+02	7.695940E+01
2024-08-12 03:00:00+00:00	2024-08-12 00:00:00-03:00	-2.542740E+02	4.927440E+01
2024-08-12 04:00:00+00:00	2024-08-12 01:00:00-03:00	-1.117730E+02	2.008670E+01
2024-08-12 05:00:00+00:00	2024-08-12 02:00:00-03:00	1.817920E+01	-5.976890E+00
2024-08-12 06:00:00+00:00	2024-08-12 03:00:00-03:00	1.215080E+02	-2.608110E+01
2024-08-12 07:00:00+00:00	2024-08-12 04:00:00-03:00	1.940850E+02	-3.960580E+01
2024-08-12 08:00:00+00:00	2024-08-12 05:00:00-03:00	2.415820E+02	-4.799580E+01
2024-08-12 09:00:00+00:00	2024-08-12 06:00:00-03:00	2.768750E+02	-5.409130E+01
2024-08-12 10:00:00+00:00	2024-08-12 07:00:00-03:00	3.154760E+02	-6.111540E+01
2024-08-12 11:00:00+00:00	2024-08-12 08:00:00-03:00	3.700690E+02	-7.158150E+01
2024-08-12 12:00:00+00:00	2024-08-12 09:00:00-03:00	4.456710E+02	-8.640510E+01
2024-08-12 13:00:00+00:00	2024-08-12 10:00:00-03:00	5.368950E+02	-1.044590E+02
2024-08-12 14:00:00+00:00	2024-08-12 11:00:00-03:00	6.282970E+02	-1.226990E+02
2024-08-12 15:00:00+00:00	2024-08-12 12:00:00-03:00	6.978490E+02	-1.368290E+02
2024-08-12 16:00:00+00:00	2024-08-12 13:00:00-03:00	7.225980E+02	-1.423470E+02
2024-08-12 17:00:00+00:00	2024-08-12 14:00:00-03:00	6.848880E+02	-1.356890E+02
2024-08-12 18:00:00+00:00	2024-08-12 15:00:00-03:00	5.773570E+02	-1.151920E+02
2024-08-12 19:00:00+00:00	2024-08-12 16:00:00-03:00	4.053710E+02	-8.163480E+01
2024-08-12 20:00:00+00:00	2024-08-12 17:00:00-03:00	1.863740E+02	-3.822970E+01
2024-08-12 21:00:00+00:00	2024-08-12 18:00:00-03:00	-5.344580E+01	9.903690E+00
2024-08-12 22:00:00+00:00	2024-08-12 19:00:00-03:00	-2.841330E+02	5.665600E+01
2024-08-12 23:00:00+00:00	2024-08-12 20:00:00-03:00	-4.772540E+02	9.601710E+01
2024-08-13 00:00:00+00:00	2024-08-12 21:00:00-03:00	-6.103910E+02	1.231070E+02
2024-08-13 01:00:00+00:00	2024-08-12 22:00:00-03:00	-6.701310E+02	1.349530E+02
2024-08-13 02:00:00+00:00	2024-08-12 23:00:00-03:00	-6.533600E+02	1.308860E+02
2024-08-13 03:00:00+00:00	2024-08-13 00:00:00-03:00	-5.669620E+02	1.125100E+02
2024-08-13 04:00:00+00:00	2024-08-13 01:00:00-03:00	-4.261600E+02	8.327260E+01
2024-08-13 05:00:00+00:00	2024-08-13 02:00:00-03:00	-2.517590E+02	4.774250E+01
2024-08-13 06:00:00+00:00	2024-08-13 03:00:00-03:00	-6.656560E+01	1.072120E+01
2024-08-13 07:00:00+00:00	2024-08-13 04:00:00-03:00	1.085490E+02	-2.362690E+01
2024-08-13 08:00:00+00:00	2024-08-13 05:00:00-03:00	2.582540E+02	-5.245910E+01
2024-08-13 09:00:00+00:00	2024-08-13 06:00:00-03:00	3.751540E+02	-7.460880E+01
2024-08-13 10:00:00+00:00	2024-08-13 07:00:00-03:00	4.602320E+02	-9.053440E+01
2024-08-13 11:00:00+00:00	2024-08-13 08:00:00-03:00	5.210430E+02	-1.018730E+02
2024-08-13 12:00:00+00:00	2024-08-13 09:00:00-03:00	5.680570E+02	-1.107190E+02
2024-08-13 13:00:00+00:00	2024-08-13 10:00:00-03:00	6.102030E+02	-1.188030E+02
2024-08-13 14:00:00+00:00	2024-08-13 11:00:00-03:00	6.510220E+02	-1.268150E+02
2024-08-13 15:00:00+00:00	2024-08-13 12:00:00-03:00	6.866540E+02	-1.340320E+02
2024-08-13 16:00:00+00:00	2024-08-13 13:00:00-03:00	7.063260E+02	-1.383840E+02
2024-08-13 17:00:00+00:00	2024-08-13 14:00:00-03:00	6.951720E+02	-1.369300E+02
2024-08-13 18:00:00+00:00	2024-08-13 15:00:00-03:00	6.385450E+02	-1.266480E+02
2024-08-13 19:00:00+00:00	2024-08-13 16:00:00-03:00	5.265480E+02	-1.053250E+02
2024-08-13 20:00:00+00:00	2024-08-13 17:00:00-03:00	3.576210E+02	-7.234420E+01
2024-08-13 21:00:00+00:00	2024-08-13 18:00:00-03:00	1.403090E+02	-2.916860E+01
2024-08-13 22:00:00+00:00	2024-08-13 19:00:00-03:00	-1.070580E+02	2.059920E+01
2024-08-13 23:00:00+00:00	2024-08-13 20:00:00-03:00	-3.586250E+02	7.161320E+01
2024-08-14 00:00:00+00:00	2024-08-13 21:00:00-03:00	-5.846960E+02	1.175760E+02
2024-08-14 01:00:00+00:00	2024-08-13 22:00:00-03:00	-7.562420E+02	1.522830E+02
2024-08-14 02:00:00+00:00	2024-08-13 23:00:00-03:00	-8.495690E+02	1.707340E+02
2024-08-14 03:00:00+00:00	2024-08-14 00:00:00-03:00	-8.504660E+02	1.700840E+02
2024-08-14 04:00:00+00:00	2024-08-14 01:00:00-03:00	-7.571670E+02	1.502460E+02
2024-08-14 05:00:00+00:00	2024-08-14 02:00:00-03:00	-5.813900E+02	1.139920E+02
2024-08-14 06:00:00+00:00	2024-08-14 03:00:00-03:00	-3.469430E+02	6.648790E+01
2024-08-14 07:00:00+00:00	2024-08-14 04:00:00-03:00	-8.577070E+01	1.434920E+01
2024-08-14 08:00:00+00:00	2024-08-14 05:00:00-03:00	1.680200E+02	-3.563070E+01
2024-08-14 09:00:00+00:00	2024-08-14 06:00:00-03:00	3.849040E+02	-7.778330E+01
2024-08-14 10:00:00+00:00	2024-08-14 07:00:00-03:00	5.457580E+02	-1.086030E+02
2024-08-14 11:00:00+00:00	2024-08-14 08:00:00-03:00	6.450990E+02	-1.272610E+02
2024-08-14 12:00:00+00:00	2024-08-14 09:00:00-03:00	6.907170E+02	-1.354530E+02
2024-08-14 13:00:00+00:00	2024-08-14 10:00:00-03:00	6.997570E+02	-1.366280E+02
2024-08-14 14:00:00+00:00	2024-08-14 11:00:00-03:00	6.923600E+02	-1.347830E+02
2024-08-14 15:00:00+00:00	2024-08-14 12:00:00-03:00	6.847840E+02	-1.331640E+02
2024-08-14 16:00:00+00:00	2024-08-14 13:00:00-03:00	6.840290E+02	-1.332180E+02
2024-08-14 17:00:00+00:00	2024-08-14 14:00:00-03:00	6.855220E+02	-1.340920E+02
2024-08-14 18:00:00+00:00	2024-08-14 15:00:00-03:00	6.744440E+02	-1.328170E+02
2024-08-14 19:00:00+00:00	2024-08-14 16:00:00-03:00	6.302650E+02	-1.251540E+02
2024-08-14 20:00:00+00:00	2024-08-14 17:00:00-03:00	5.331920E+02	-1.068840E+02
2024-08-14 21:00:00+00:00	2024-08-14 18:00:00-03:00	3.708180E+02	-7.521480E+01
2024-08-14 22:00:00+00:00	2024-08-14 19:00:00-03:00	1.432880E+02	-2.994500E+01
2024-08-14 23:00:00+00:00	2024-08-14 20:00:00-03:00	-1.342540E+02	2.592820E+01
2024-08-15 00:00:00+00:00	2024-08-14 21:00:00-03:00	-4.325880E+02	8.635220E+01
2024-08-15 01:00:00+00:00	2024-08-14 22:00:00-03:00	-7.126270E+02	1.431260E+02
2024-08-15 02:00:00+00:00	2024-08-14 23:00:00-03:00	-9.322000E+02	1.874120E+02
2024-08-15 03:00:00+00:00	2024-08-15 00:00:00-03:00	-1.054190E+03	2.115340E+02
2024-08-15 04:00:00+00:00	2024-08-15 01:00:00-03:00	-1.054380E+03	2.106730E+02
2024-08-15 05:00:00+00:00	2024-08-15 02:00:00-03:00	-9.273930E+02	1.840410E+02
2024-08-15 06:00:00+00:00	2024-08-15 03:00:00-03:00	-6.890130E+02	1.352450E+02
2024-08-15 07:00:00+00:00	2024-08-15 04:00:00-03:00	-3.741440E+02	7.167910E+01
2024-08-15 08:00:00+00:00	2024-08-15 05:00:00-03:00	-3.028130E+01	3.068260E+00
2024-08-15 09:00:00+00:00	2024-08-15 06:00:00-03:00	2.922360E+02	-6.055650E+01
2024-08-15 10:00:00+00:00	2024-08-15 07:00:00-03:00	5.509780E+02	-1.109590E+02
2024-08-15 11:00:00+00:00	2024-08-15 08:00:00-03:00	7.204220E+02	-1.433690E+02
2024-08-15 12:00:00+00:00	2024-08-15 09:00:00-03:00	7.966810E+02	-1.572910E+02
2024-08-15 13:00:00+00:00	2024-08-15 10:00:00-03:00	7.965590E+02	-1.562410E+02
2024-08-15 14:00:00+00:00	2024-08-15 11:00:00-03:00	7.511130E+02	-1.464600E+02
2024-08-15 15:00:00+00:00	2024-08-15 12:00:00-03:00	6.955150E+02	-1.349630E+02
2024-08-15 16:00:00+00:00	2024-08-15 13:00:00-03:00	6.581410E+02	-1.274240E+02
2024-08-15 17:00:00+00:00	2024-08-15 14:00:00-03:00	6.519940E+02	-1.264870E+02
2024-08-15 18:00:00+00:00	2024-08-15 15:00:00-03:00	6.708690E+02	-1.309610E+02
2024-08-15 19:00:00+00:00	2024-08-15 16:00:00-03:00	6.912810E+02	-1.361260E+02
2024-08-15 20:00:00+00:00	2024-08-15 17:00:00-03:00	6.795360E+02	-1.350850E+02
2024-08-15 21:00:00+00:00	2024-08-15 18:00:00-03:00	6.020000E+02	-1.208290E+02
2024-08-15 22:00:00+00:00	2024-08-15 19:00:00-03:00	4.357900E+02	-8.845370E+01
2024-08-15 23:00:00+00:00	2024-08-15 20:00:00-03:00	1.771380E+02	-3.697130E+01
2024-08-16 00:00:00+00:00	2024-08-15 21:00:00-03:00	-1.547480E+02	2.979980E+01
2024-08-16 01:00:00+00:00	2024-08-15 22:00:00-03:00	-5.193420E+02	1.035270E+02
2024-08-16 02:00:00+00:00	2024-08-15 23:00:00-03:00	-8.617630E+02	1.728250E+02
2024-08-16 03:00:00+00:00	2024-08-16 00:00:00-03:00	-1.123640E+03	2.255950E+02
2024-08-16 04:00:00+00:00	2024-08-16 01:00:00-03:00	-1.255520E+03	2.516860E+02
2024-08-16 05:00:00+00:00	2024-08-16 02:00:00-03:00	-1.228200E+03	2.452830E+02
2024-08-16 06:00:00+00:00	2024-08-16 03:00:00-03:00	-1.040160E+03	2.063920E+02
2024-08-16 07:00:00+00:00	2024-08-16 04:00:00-03:00	-7.192480E+02	1.410600E+02
2024-08-16 08:00:00+00:00	2024-08-16 05:00:00-03:00	-3.177960E+02	6.019170E+01
2024-08-16 09:00:00+00:00	2024-08-16 06:00:00-03:00	9.819100E+01	-2.277540E+01
2024-08-16 10:00:00+00:00	2024-08-16 07:00:00-03:00	4.633930E+02	-9.482030E+01
2024-08-16 11:00:00+00:00	2024-08-16 08:00:00-03:00	7.276970E+02	-1.461910E+02
2024-08-16 12:00:00+00:00	2024-08-16 09:00:00-03:00	8.670940E+02	-1.724490E+02
2024-08-16 13:00:00+00:00	2024-08-16 10:00:00-03:00	8.879400E+02	-1.751720E+02
2024-08-16 14:00:00+00:00	2024-08-16 11:00:00-03:00	8.232420E+02	-1.611290E+02
2024-08-16 15:00:00+00:00	2024-08-16 12:00:00-03:00	7.218830E+02	-1.401290E+02
2024-08-16 16:00:00+00:00	2024-08-16 13:00:00-03:00	6.337220E+02	-1.221190E+02
2024-08-16 17:00:00+00:00	2024-08-16 14:00:00-03:00	5.947730E+02	-1.142960E+02
2024-08-16 18:00:00+00:00	2024-08-16 15:00:00-03:00	6.166340E+02	-1.190240E+02
2024-08-16 19:00:00+00:00	2024-08-16 16:00:00-03:00	6.831330E+02	-1.331200E+02
2024-08-16 20:00:00+00:00	2024-08-16 17:00:00-03:00	7.550730E+02	-1.487210E+02
2024-08-16 21:00:00+00:00	2024-08-16 18:00:00-03:00	7.817190E+02	-1.555110E+02
2024-08-16 22:00:00+00:00	2024-08-16 19:00:00-03:00	7.158500E+02	-1.437410E+02
2024-08-16 23:00:00+00:00	2024-08-16 20:00:00-03:00	5.283340E+02	-1.072280E+02
2024-08-17 00:00:00+00:00	2024-08-16 21:00:00-03:00	2.183830E+02	-4.555330E+01
2024-08-17 01:00:00+00:00	2024-08-16 22:00:00-03:00	-1.831630E+02	3.514800E+01
2024-08-17 02:00:00+00:00	2024-08-16 23:00:00-03:00	-6.184320E+02	1.230620E+02
2024-08-17 03:00:00+00:00	2024-08-17 00:00:00-03:00	-1.013990E+03	2.030630E+02
2024-08-17 04:00:00+00:00	2024-08-17 01:00:00-03:00	-1.296600E+03	2.600380E+02
2024-08-17 05:00:00+00:00	2024-08-17 02:00:00-03:00	-1.409610E+03	2.823720E+02
2024-08-17 06:00:00+00:00	2024-08-17 03:00:00-03:00	-1.326340E+03	2.647540E+02
2024-08-17 07:00:00+00:00	2024-08-17 04:00:00-03:00	-1.057120E+03	2.095830E+02
2024-08-17 08:00:00+00:00	2024-08-17 05:00:00-03:00	-6.481160E+02	1.266100E+02
2024-08-17 09:00:00+00:00	2024-08-17 06:00:00-03:00	-1.719410E+02	3.083340E+01
2024-08-17 10:00:00+00:00	2024-08-17 07:00:00-03:00	2.882100E+02	-6.085760E+01
2024-08-17 11:00:00+00:00	2024-08-17 08:00:00-03:00	6.572840E+02	-1.335130E+02
2024-08-17 12:00:00+00:00	2024-08-17 09:00:00-03:00	8.853780E+02	-1.774650E+02
2024-08-17 13:00:00+00:00	2024-08-17 10:00:00-03:00	9.586210E+02	-1.903470E+02
2024-08-17 14:00:00+00:00	2024-08-17 11:00:00-03:00	9.008280E+02	-1.772570E+02
2024-08-17 15:00:00+00:00	2024-08-17 12:00:00-03:00	7.652650E+02	-1.490180E+02
2024-08-17 16:00:00+00:00	2024-08-17 13:00:00-03:00	6.185800E+02	-1.189730E+02
2024-08-17 17:00:00+00:00	2024-08-17 14:00:00-03:00	5.212450E+02	-9.916260E+01
2024-08-17 18:00:00+00:00	2024-08-17 15:00:00-03:00	5.099840E+02	-9.691050E+01
2024-08-17 19:00:00+00:00	2024-08-17 16:00:00-03:00	5.871200E+02	-1.127290E+02
2024-08-17 20:00:00+00:00	2024-08-17 17:00:00-03:00	7.198450E+02	-1.401290E+02
2024-08-17 21:00:00+00:00	2024-08-17 18:00:00-03:00	8.495940E+02	-1.673920E+02
2024-08-17 22:00:00+00:00	2024-08-17 19:00:00-03:00	9.088850E+02	-1.808590E+02
2024-08-17 23:00:00+00:00	2024-08-17 20:00:00-03:00	8.409960E+02	-1.688600E+02
2024-08-18 00:00:00+00:00	2024-08-17 21:00:00-03:00	6.171570E+02	-1.252440E+02
2024-08-18 01:00:00+00:00	2024-08-17 22:00:00-03:00	2.467340E+02	-5.158210E+01
2024-08-18 02:00:00+00:00	2024-08-17 23:00:00-03:00	-2.222400E+02	4.257370E+01
2024-08-18 03:00:00+00:00	2024-08-18 00:00:00-03:00	-7.123030E+02	1.414830E+02
2024-08-18 04:00:00+00:00	2024-08-18 01:00:00-03:00	-1.133330E+03	2.266440E+02
2024-08-18 05:00:00+00:00	2024-08-18 02:00:00-03:00	-1.402790E+03	2.810460E+02
2024-08-18 06:00:00+00:00	2024-08-18 03:00:00-03:00	-1.464810E+03	2.931950E+02
2024-08-18 07:00:00+00:00	2024-08-18 04:00:00-03:00	-1.303460E+03	2.599370E+02
2024-08-18 08:00:00+00:00	2024-08-18 05:00:00-03:00	-9.472410E+02	1.873480E+02
2024-08-18 09:00:00+00:00	2024-08-18 06:00:00-03:00	-4.634490E+02	8.945010E+01
2024-08-18 10:00:00+00:00	2024-08-18 07:00:00-03:00	5.653770E+01	-1.497060E+01
2024-08-18 11:00:00+00:00	2024-08-18 08:00:00-03:00	5.178730E+02	-1.067020E+02
2024-08-18 12:00:00+00:00	2024-08-18 09:00:00-03:00	8.439860E+02	-1.705400E+02
2024-08-18 13:00:00+00:00	2024-08-18 10:00:00-03:00	9.941230E+02	-1.987150E+02
2024-08-18 14:00:00+00:00	2024-08-18 11:00:00-03:00	9.720490E+02	-1.924430E+02
2024-08-18 15:00:00+00:00	2024-08-18 12:00:00-03:00	8.233440E+02	-1.611940E+02
2024-08-18 16:00:00+00:00	2024-08-18 13:00:00-03:00	6.217010E+02	-1.198450E+02
2024-08-18 17:00:00+00:00	2024-08-18 14:00:00-03:00	4.476700E+02	-8.445960E+01
2024-08-18 18:00:00+00:00	2024-08-18 15:00:00-03:00	3.656280E+02	-6.780200E+01
2024-08-18 19:00:00+00:00	2024-08-18 16:00:00-03:00	4.053650E+02	-7.578100E+01
2024-08-18 20:00:00+00:00	2024-08-18 17:00:00-03:00	5.534980E+02	-1.057820E+02
2024-08-18 21:00:00+00:00	2024-08-18 18:00:00-03:00	7.571650E+02	-1.473480E+02
2024-08-18 22:00:00+00:00	2024-08-18 19:00:00-03:00	9.389590E+02	-1.850430E+02
2024-08-18 23:00:00+00:00	2024-08-18 20:00:00-03:00	1.018920E+03	-2.027350E+02
2024-08-19 00:00:00+00:00	2024-08-18 21:00:00-03:00	9.375510E+02	-1.881830E+02
2024-08-19 01:00:00+00:00	2024-08-18 22:00:00-03:00	6.735490E+02	-1.366920E+02
2024-08-19 02:00:00+00:00	2024-08-18 23:00:00-03:00	2.517460E+02	-5.287960E+01
2024-08-19 03:00:00+00:00	2024-08-19 00:00:00-03:00	-2.608590E+02	4.993690E+01
2024-08-19 04:00:00+00:00	2024-08-19 01:00:00-03:00	-7.697460E+02	1.526000E+02
2024-08-19 05:00:00+00:00	2024-08-19 02:00:00-03:00	-1.174510E+03	2.345220E+02
2024-08-19 06:00:00+00:00	2024-08-19 03:00:00-03:00	-1.392130E+03	2.785600E+02
2024-08-19 07:00:00+00:00	2024-08-19 04:00:00-03:00	-1.376410E+03	2.751520E+02
2024-08-19 08:00:00+00:00	2024-08-19 05:00:00-03:00	-1.129020E+03	2.246840E+02
2024-08-19 09:00:00+00:00	2024-08-19 06:00:00-03:00	-6.995910E+02	1.375080E+02
2024-08-19 10:00:00+00:00	2024-08-19 07:00:00-03:00	-1.747950E+02	3.156190E+01
2024-08-19 11:00:00+00:00	2024-08-19 08:00:00-03:00	3.412750E+02	-7.182580E+01
2024-08-19 12:00:00+00:00	2024-08-19 09:00:00-03:00	7.510620E+02	-1.529550E+02
2024-08-19 13:00:00+00:00	2024-08-19 10:00:00-03:00	9.862010E+02	-1.983520E+02
2024-08-19 14:00:00+00:00	2024-08-19 11:00:00-03:00	1.023280E+03	-2.038060E+02
2024-08-19 15:00:00+00:00	2024-08-19 12:00:00-03:00	8.885000E+02	-1.750630E+02
2024-08-19 16:00:00+00:00	2024-08-19 13:00:00-03:00	6.495560E+02	-1.259940E+02
2024-08-19 17:00:00+00:00	2024-08-19 14:00:00-03:00	3.966140E+02	-7.468620E+01
2024-08-19 18:00:00+00:00	2024-08-19 15:00:00-03:00	2.171160E+02	-3.847280E+01
2024-08-19 19:00:00+00:00	2024-08-19 16:00:00-03:00	1.713100E+02	-2.920780E+01
2024-08-19 20:00:00+00:00	2024-08-19 17:00:00-03:00	2.753080E+02	-5.003720E+01
2024-08-19 21:00:00+00:00	2024-08-19 18:00:00-03:00	4.965100E+02	-9.453790E+01
2024-08-19 22:00:00+00:00	2024-08-19 19:00:00-03:00	7.627230E+02	-1.484620E+02
2024-08-19 23:00:00+00:00	2024-08-19 20:00:00-03:00	9.824370E+02	-1.936280E+02
2024-08-20 00:00:00+00:00	2024-08-19 21:00:00-03:00	1.070560E+03	-2.129220E+02
2024-08-20 01:00:00+00:00	2024-08-19 22:00:00-03:00	9.725030E+02	-1.950880E+02
2024-08-20 02:00:00+00:00	2024-08-19 23:00:00-03:00	6.801630E+02	-1.380350E+02
2024-08-20 03:00:00+00:00	2024-08-20 00:00:00-03:00	2.356180E+02	-4.978870E+01
2024-08-20 04:00:00+00:00	2024-08-20 01:00:00-03:00	-2.781170E+02	5.315430E+01
2024-08-20 05:00:00+00:00	2024-08-20 02:00:00-03:00	-7.566890E+02	1.496720E+02
2024-08-20 06:00:00+00:00	2024-08-20 03:00:00-03:00	-1.099230E+03	2.190760E+02
2024-08-20 07:00:00+00:00	2024-08-20 04:00:00-03:00	-1.232230E+03	2.461280E+02
2024-08-20 08:00:00+00:00	2024-08-20 05:00:00-03:00	-1.126890E+03	2.247680E+02
2024-08-20 09:00:00+00:00	2024-08-20 06:00:00-03:00	-8.058540E+02	1.596300E+02
2024-08-20 10:00:00+00:00	2024-08-20 07:00:00-03:00	-3.381360E+02	6.497780E+01
2024-08-20 11:00:00+00:00	2024-08-20 08:00:00-03:00	1.767710E+02	-3.868400E+01
2024-08-20 12:00:00+00:00	2024-08-20 09:00:00-03:00	6.318980E+02	-1.295120E+02
2024-08-20 13:00:00+00:00	2024-08-20 10:00:00-03:00	9.377580E+02	-1.895290E+02
2024-08-20 14:00:00+00:00	2024-08-20 11:00:00-03:00	1.043380E+03	-2.088630E+02
2024-08-20 15:00:00+00:00	2024-08-20 12:00:00-03:00	9.481830E+02	-1.879470E+02
2024-08-20 16:00:00+00:00	2024-08-20 13:00:00-03:00	7.013610E+02	-1.371260E+02
2024-08-20 17:00:00+00:00	2024-08-20 14:00:00-03:00	3.884890E+02	-7.375640E+01
2024-08-20 18:00:00+00:00	2024-08-20 15:00:00-03:00	1.084180E+02	-1.751770E+01
2024-08-20 19:00:00+00:00	2024-08-20 16:00:00-03:00	-5.357710E+01	1.483190E+01
2024-08-20 20:00:00+00:00	2024-08-20 17:00:00-03:00	-4.912690E+01	1.390260E+01
2024-08-20 21:00:00+00:00	2024-08-20 18:00:00-03:00	1.199860E+02	-1.986570E+01
2024-08-20 22:00:00+00:00	2024-08-20 19:00:00-03:00	4.024690E+02	-7.637700E+01
2024-08-20 23:00:00+00:00	2024-08-20 20:00:00-03:00	7.119240E+02	-1.386440E+02
2024-08-21 00:00:00+00:00	2024-08-20 21:00:00-03:00	9.509490E+02	-1.874000E+02
2024-08-21 01:00:00+00:00	2024-08-20 22:00:00-03:00	1.038160E+03	-2.063330E+02
2024-08-21 02:00:00+00:00	2024-08-20 23:00:00-03:00	9.307170E+02	-1.865440E+02
2024-08-21 03:00:00+00:00	2024-08-21 00:00:00-03:00	6.362430E+02	-1.290770E+02
2024-08-21 04:00:00+00:00	2024-08-21 01:00:00-03:00	2.114040E+02	-4.484940E+01
2024-08-21 05:00:00+00:00	2024-08-21 02:00:00-03:00	-2.522580E+02	4.795700E+01
2024-08-21 06:00:00+00:00	2024-08-21 03:00:00-03:00	-6.510780E+02	1.283740E+02
2024-08-21 07:00:00+00:00	2024-08-21 04:00:00-03:00	-8.946650E+02	1.778340E+02
2024-08-21 08:00:00+00:00	2024-08-21 05:00:00-03:00	-9.276250E+02	1.847680E+02
2024-08-21 09:00:00+00:00	2024-08-21 06:00:00-03:00	-7.425670E+02	1.474600E+02
2024-08-21 10:00:00+00:00	2024-08-21 07:00:00-03:00	-3.816050E+02	7.448780E+01
2024-08-21 11:00:00+00:00	2024-08-21 08:00:00-03:00	7.368400E+01	-1.736210E+01
2024-08-21 12:00:00+00:00	2024-08-21 09:00:00-03:00	5.214350E+02	-1.071720E+02
2024-08-21 13:00:00+00:00	2024-08-21 10:00:00-03:00	8.634020E+02	-1.749670E+02
2024-08-21 14:00:00+00:00	2024-08-21 11:00:00-03:00	1.028170E+03	-2.065310E+02
2024-08-21 15:00:00+00:00	2024-08-21 12:00:00-03:00	9.882170E+02	-1.967980E+02
2024-08-21 16:00:00+00:00	2024-08-21 13:00:00-03:00	7.665200E+02	-1.509420E+02
2024-08-21 17:00:00+00:00	2024-08-21 14:00:00-03:00	4.306540E+02	-8.291270E+01
2024-08-21 18:00:00+00:00	2024-08-21 15:00:00-03:00	7.541590E+01	-1.175530E+01
2024-08-21 19:00:00+00:00	2024-08-21 16:00:00-03:00	-2.019220E+02	4.334310E+01
2024-08-21 20:00:00+00:00	2024-08-21 17:00:00-03:00	-3.273070E+02	6.800960E+01
2024-08-21 21:00:00+00:00	2024-08-21 18:00:00-03:00	-2.695720E+02	5.635370E+01
2024-08-21 22:00:00+00:00	2024-08-21 19:00:00-03:00	-4.850650E+01	1.238790E+01
2024-08-21 23:00:00+00:00	2024-08-21 20:00:00-03:00	2.710130E+02	-5.116510E+01
2024-08-22 00:00:00+00:00	2024-08-21 21:00:00-03:00	5.972020E+02	-1.163500E+02
2024-08-22 01:00:00+00:00	2024-08-21 22:00:00-03:00	8.367040E+02	-1.648010E+02
2024-08-22 02:00:00+00:00	2024-08-21 23:00:00-03:00	9.199590E+02	-1.826260E+02
2024-08-22 03:00:00+00:00	2024-08-22 00:00:00-03:00	8.196480E+02	-1.640600E+02
2024-08-22 04:00:00+00:00	2024-08-22 01:00:00-03:00	5.574220E+02	-1.129510E+02
2024-08-22 05:00:00+00:00	2024-08-22 02:00:00-03:00	1.975450E+02	-4.173660E+01
2024-08-22 06:00:00+00:00	2024-08-22 03:00:00-03:00	-1.703510E+02	3.179670E+01
2024-08-22 07:00:00+00:00	2024-08-22 04:00:00-03:00	-4.544630E+02	8.908650E+01
2024-08-22 08:00:00+00:00	2024-08-22 05:00:00-03:00	-5.838450E+02	1.155180E+02
2024-08-22 09:00:00+00:00	2024-08-22 06:00:00-03:00	-5.256150E+02	1.041050E+02
2024-08-22 10:00:00+00:00	2024-08-22 07:00:00-03:00	-2.924860E+02	5.723260E+01
2024-08-22 11:00:00+00:00	2024-08-22 08:00:00-03:00	6.072340E+01	-1.394780E+01
2024-08-22 12:00:00+00:00	2024-08-22 09:00:00-03:00	4.504080E+02	-9.228450E+01
2024-08-22 13:00:00+00:00	2024-08-22 10:00:00-03:00	7.840900E+02	-1.588550E+02
2024-08-22 14:00:00+00:00	2024-08-22 11:00:00-03:00	9.823660E+02	-1.976110E+02
2024-08-22 15:00:00+00:00	2024-08-22 12:00:00-03:00	9.979410E+02	-1.993070E+02
2024-08-22 16:00:00+00:00	2024-08-22 13:00:00-03:00	8.272700E+02	-1.637360E+02
2024-08-22 17:00:00+00:00	2024-08-22 14:00:00-03:00	5.118270E+02	-9.973330E+01
2024-08-22 18:00:00+00:00	2024-08-22 15:00:00-03:00	1.282640E+02	-2.292530E+01
2024-08-22 19:00:00+00:00	2024-08-22 16:00:00-03:00	-2.305020E+02	4.820240E+01
2024-08-22 20:00:00+00:00	2024-08-22 17:00:00-03:00	-4.787370E+02	9.693630E+01
2024-08-22 21:00:00+00:00	2024-08-22 18:00:00-03:00	-5.597830E+02	1.124790E+02
2024-08-22 22:00:00+00:00	2024-08-22 19:00:00-03:00	-4.604260E+02	9.253790E+01
2024-08-22 23:00:00+00:00	2024-08-22 20:00:00-03:00	-2.136620E+02	4.370810E+01
2024-08-23 00:00:00+00:00	2024-08-22 21:00:00-03:00	1.109540E+02	-2.044680E+01
2024-08-23 01:00:00+00:00	2024-08-22 22:00:00-03:00	4.266630E+02	-8.306690E+01
2024-08-23 02:00:00+00:00	2024-08-22 23:00:00-03:00	6.530340E+02	-1.284400E+02
2024-08-23 03:00:00+00:00	2024-08-23 00:00:00-03:00	7.370880E+02	-1.460340E+02
2024-08-23 04:00:00+00:00	2024-08-23 01:00:00-03:00	6.662970E+02	-1.330740E+02
2024-08-23 05:00:00+00:00	2024-08-23 02:00:00-03:00	4.702660E+02	-9.502820E+01
2024-08-23 06:00:00+00:00	2024-08-23 03:00:00-03:00	2.111930E+02	-4.393640E+01
2024-08-23 07:00:00+00:00	2024-08-23 04:00:00-03:00	-3.376520E+01	4.918990E+00
2024-08-23 08:00:00+00:00	2024-08-23 05:00:00-03:00	-1.931890E+02	3.709980E+01
2024-08-23 09:00:00+00:00	2024-08-23 06:00:00-03:00	-2.196960E+02	4.278850E+01
2024-08-23 10:00:00+00:00	2024-08-23 07:00:00-03:00	-1.014610E+02	1.930980E+01
2024-08-23 11:00:00+00:00	2024-08-23 08:00:00-03:00	1.353960E+02	-2.820140E+01
2024-08-23 12:00:00+00:00	2024-08-23 09:00:00-03:00	4.336280E+02	-8.810710E+01
2024-08-23 13:00:00+00:00	2024-08-23 10:00:00-03:00	7.188740E+02	-1.451870E+02
2024-08-23 14:00:00+00:00	2024-08-23 11:00:00-03:00	9.174970E+02	-1.844310E+02
2024-08-23 15:00:00+00:00	2024-08-23 12:00:00-03:00	9.742200E+02	-1.947700E+02
2024-08-23 16:00:00+00:00	2024-08-23 13:00:00-03:00	8.656440E+02	-1.718330E+02
2024-08-23 17:00:00+00:00	2024-08-23 14:00:00-03:00	6.065160E+02	-1.190720E+02
2024-08-23 18:00:00+00:00	2024-08-23 15:00:00-03:00	2.470670E+02	-4.697170E+01
2024-08-23 19:00:00+00:00	2024-08-23 16:00:00-03:00	-1.383160E+02	2.945850E+01
2024-08-23 20:00:00+00:00	2024-08-23 17:00:00-03:00	-4.686680E+02	9.428760E+01
2024-08-23 21:00:00+00:00	2024-08-23 18:00:00-03:00	-6.760210E+02	1.344670E+02
2024-08-23 22:00:00+00:00	2024-08-23 19:00:00-03:00	-7.219440E+02	1.428750E+02
2024-08-23 23:00:00+00:00	2024-08-23 20:00:00-03:00	-6.065200E+02	1.198460E+02
2024-08-24 00:00:00+00:00	2024-08-23 21:00:00-03:00	-3.672420E+02	7.279840E+01
2024-08-24 01:00:00+00:00	2024-08-23 22:00:00-03:00	-6.810460E+01	1.411440E+01
2024-08-24 02:00:00+00:00	2024-08-23 23:00:00-03:00	2.179640E+02	-4.216430E+01
2024-08-24 03:00:00+00:00	2024-08-24 00:00:00-03:00	4.283370E+02	-8.392030E+01
2024-08-24 04:00:00+00:00	2024-08-24 01:00:00-03:00	5.262370E+02	-1.038920E+02
2024-08-24 05:00:00+00:00	2024-08-24 02:00:00-03:00	5.084950E+02	-1.012130E+02
2024-08-24 06:00:00+00:00	2024-08-24 03:00:00-03:00	4.038560E+02	-8.122190E+01
2024-08-24 07:00:00+00:00	2024-08-24 04:00:00-03:00	2.628850E+02	-5.366330E+01
2024-08-24 08:00:00+00:00	2024-08-24 05:00:00-03:00	1.427500E+02	-2.981560E+01
2024-08-24 09:00:00+00:00	2024-08-24 06:00:00-03:00	9.125630E+01	-1.934100E+01
2024-08-24 10:00:00+00:00	2024-08-24 07:00:00-03:00	1.342860E+02	-2.766890E+01
2024-08-24 11:00:00+00:00	2024-08-24 08:00:00-03:00	2.695150E+02	-5.455760E+01
2024-08-24 12:00:00+00:00	2024-08-24 09:00:00-03:00	4.674430E+02	-9.415120E+01
2024-08-24 13:00:00+00:00	2024-08-24 10:00:00-03:00	6.789650E+02	-1.364690E+02
2024-08-24 14:00:00+00:00	2024-08-24 11:00:00-03:00	8.473710E+02	-1.699190E+02
2024-08-24 15:00:00+00:00	2024-08-24 12:00:00-03:00	9.219430E+02	-1.842090E+02
2024-08-24 16:00:00+00:00	2024-08-24 13:00:00-03:00	8.701950E+02	-1.729360E+02
2024-08-24 17:00:00+00:00	2024-08-24 14:00:00-03:00	6.861400E+02	-1.352480E+02
2024-08-24 18:00:00+00:00	2024-08-24 15:00:00-03:00	3.927490E+02	-7.618650E+01
2024-08-24 19:00:00+00:00	2024-08-24 16:00:00-03:00	3.782250E+01	-5.624540E+00
2024-08-24 20:00:00+00:00	2024-08-24 17:00:00-03:00	-3.160600E+02	6.393340E+01
2024-08-24 21:00:00+00:00	2024-08-24 18:00:00-03:00	-6.054110E+02	1.201620E+02
2024-08-24 22:00:00+00:00	2024-08-24 19:00:00-03:00	-7.802570E+02	1.536540E+02
2024-08-24 23:00:00+00:00	2024-08-24 20:00:00-03:00	-8.154200E+02	1.599170E+02
2024-08-25 00:00:00+00:00	2024-08-24 21:00:00-03:00	-7.156370E+02	1.401580E+02
2024-08-25 01:00:00+00:00	2024-08-24 22:00:00-03:00	-5.130860E+02	1.006770E+02
2024-08-25 02:00:00+00:00	2024-08-24 23:00:00-03:00	-2.580390E+02	5.107530E+01
2024-08-25 03:00:00+00:00	2024-08-25 00:00:00-03:00	-5.357290E+00	1.770030E+00
2024-08-25 04:00:00+00:00	2024-08-25 01:00:00-03:00	1.993330E+02	-3.852530E+01
2024-08-25 05:00:00+00:00	2024-08-25 02:00:00-03:00	3.299670E+02	-6.470960E+01
2024-08-25 06:00:00+00:00	2024-08-25 03:00:00-03:00	3.843000E+02	-7.614110E+01
2024-08-25 07:00:00+00:00	2024-08-25 04:00:00-03:00	3.814070E+02	-7.627290E+01
2024-08-25 08:00:00+00:00	2024-08-25 05:00:00-03:00	3.536990E+02	-7.125240E+01
2024-08-25 09:00:00+00:00	2024-08-25 06:00:00-03:00	3.361470E+02	-6.791620E+01
2024-08-25 10:00:00+00:00	2024-08-25 07:00:00-03:00	3.558340E+02	-7.173600E+01
2024-08-25 11:00:00+00:00	2024-08-25 08:00:00-03:00	4.245210E+02	-8.524450E+01
2024-08-25 12:00:00+00:00	2024-08-25 09:00:00-03:00	5.357470E+02	-1.073090E+02
2024-08-25 13:00:00+00:00	2024-08-25 10:00:00-03:00	6.666920E+02	-1.333910E+02
2024-08-25 14:00:00+00:00	2024-08-25 11:00:00-03:00	7.839020E+02	-1.566810E+02
2024-08-25 15:00:00+00:00	2024-08-25 12:00:00-03:00	8.513000E+02	-1.698010E+02
2024-08-25 16:00:00+00:00	2024-08-25 13:00:00-03:00	8.387130E+02	-1.666610E+02
2024-08-25 17:00:00+00:00	2024-08-25 14:00:00-03:00	7.292270E+02	-1.440290E+02
2024-08-25 18:00:00+00:00	2024-08-25 15:00:00-03:00	5.239520E+02	-1.024620E+02
2024-08-25 19:00:00+00:00	2024-08-25 16:00:00-03:00	2.431890E+02	-4.639050E+01
2024-08-25 20:00:00+00:00	2024-08-25 17:00:00-03:00	-7.648180E+01	1.666650E+01
2024-08-25 21:00:00+00:00	2024-08-25 18:00:00-03:00	-3.888310E+02	7.757080E+01
2024-08-25 22:00:00+00:00	2024-08-25 19:00:00-03:00	-6.471330E+02	1.273970E+02
2024-08-25 23:00:00+00:00	2024-08-25 20:00:00-03:00	-8.137790E+02	1.592050E+02
2024-08-26 00:00:00+00:00	2024-08-25 21:00:00-03:00	-8.680160E+02	1.693390E+02
2024-08-26 01:00:00+00:00	2024-08-25 22:00:00-03:00	-8.097360E+02	1.579850E+02
2024-08-26 02:00:00+00:00	2024-08-25 23:00:00-03:00	-6.583430E+02	1.288560E+02
2024-08-26 03:00:00+00:00	2024-08-26 00:00:00-03:00	-4.470430E+02	8.814050E+01
2024-08-26 04:00:00+00:00	2024-08-26 01:00:00-03:00	-2.142800E+02	4.298740E+01
2024-08-26 05:00:00+00:00	2024-08-26 02:00:00-03:00	5.244330E+00	-6.288350E-02
2024-08-26 06:00:00+00:00	2024-08-26 03:00:00-03:00	1.875460E+02	-3.633570E+01
2024-08-26 07:00:00+00:00	2024-08-26 04:00:00-03:00	3.227000E+02	-6.368790E+01
2024-08-26 08:00:00+00:00	2024-08-26 05:00:00-03:00	4.141190E+02	-8.248580E+01
2024-08-26 09:00:00+00:00	2024-08-26 06:00:00-03:00	4.745520E+02	-9.497590E+01
2024-08-26 10:00:00+00:00	2024-08-26 07:00:00-03:00	5.203410E+02	-1.042700E+02
2024-08-26 11:00:00+00:00	2024-08-26 08:00:00-03:00	5.657110E+02	-1.132360E+02
2024-08-26 12:00:00+00:00	2024-08-26 09:00:00-03:00	6.184740E+02	-1.235690E+02
2024-08-26 13:00:00+00:00	2024-08-26 10:00:00-03:00	6.779170E+02	-1.352460E+02
2024-08-26 14:00:00+00:00	2024-08-26 11:00:00-03:00	7.349310E+02	-1.464690E+02
2024-08-26 15:00:00+00:00	2024-08-26 12:00:00-03:00	7.740500E+02	-1.540590E+02
2024-08-26 16:00:00+00:00	2024-08-26 13:00:00-03:00	7.768240E+02	-1.542260E+02
2024-08-26 17:00:00+00:00	2024-08-26 14:00:00-03:00	7.259840E+02	-1.435120E+02
2024-08-26 18:00:00+00:00	2024-08-26 15:00:00-03:00	6.097950E+02	-1.197380E+02
2024-08-26 19:00:00+00:00	2024-08-26 16:00:00-03:00	4.258910E+02	-8.273320E+01
2024-08-26 20:00:00+00:00	2024-08-26 17:00:00-03:00	1.837760E+02	-3.470120E+01
2024-08-26 21:00:00+00:00	2024-08-26 18:00:00-03:00	-9.487850E+01	1.989340E+01
2024-08-26 22:00:00+00:00	2024-08-26 19:00:00-03:00	-3.786270E+02	7.491830E+01
2024-08-26 23:00:00+00:00	2024-08-26 20:00:00-03:00	-6.312450E+02	1.235560E+02
2024-08-27 00:00:00+00:00	2024-08-26 21:00:00-03:00	-8.183820E+02	1.594860E+02
2024-08-27 01:00:00+00:00	2024-08-26 22:00:00-03:00	-9.143340E+02	1.780200E+02
2024-08-27 02:00:00+00:00	2024-08-26 23:00:00-03:00	-9.071730E+02	1.769420E+02
2024-08-27 03:00:00+00:00	2024-08-27 00:00:00-03:00	-8.009020E+02	1.568750E+02
2024-08-27 04:00:00+00:00	2024-08-27 01:00:00-03:00	-6.141010E+02	1.210980E+02
2024-08-27 05:00:00+00:00	2024-08-27 02:00:00-03:00	-3.755700E+02	7.485690E+01
2024-08-27 06:00:00+00:00	2024-08-27 03:00:00-03:00	-1.182110E+02	2.434960E+01
2024-08-27 07:00:00+00:00	2024-08-27 04:00:00-03:00	1.272370E+02	-2.440230E+01
2024-08-27 08:00:00+00:00	2024-08-27 05:00:00-03:00	3.372030E+02	-6.655200E+01
2024-08-27 09:00:00+00:00	2024-08-27 06:00:00-03:00	4.981380E+02	-9.910760E+01
2024-08-27 10:00:00+00:00	2024-08-27 07:00:00-03:00	6.069950E+02	-1.211820E+02
2024-08-27 11:00:00+00:00	2024-08-27 08:00:00-03:00	6.696330E+02	-1.337950E+02
2024-08-27 12:00:00+00:00	2024-08-27 09:00:00-03:00	6.977750E+02	-1.392990E+02
2024-08-27 13:00:00+00:00	2024-08-27 10:00:00-03:00	7.052120E+02	-1.405560E+02
2024-08-27 14:00:00+00:00	2024-08-27 11:00:00-03:00	7.039040E+02	-1.400620E+02
2024-08-27 15:00:00+00:00	2024-08-27 12:00:00-03:00	7.006110E+02	-1.391910E+02
2024-08-27 16:00:00+00:00	2024-08-27 13:00:00-03:00	6.946780E+02	-1.377510E+02
2024-08-27 17:00:00+00:00	2024-08-27 14:00:00-03:00	6.775860E+02	-1.339670E+02
2024-08-27 18:00:00+00:00	2024-08-27 15:00:00-03:00	6.346970E+02	-1.249310E+02
2024-08-27 19:00:00+00:00	2024-08-27 16:00:00-03:00	5.492140E+02	-1.074460E+02
2024-08-27 20:00:00+00:00	2024-08-27 17:00:00-03:00	4.076750E+02	-7.909380E+01
2024-08-27 21:00:00+00:00	2024-08-27 18:00:00-03:00	2.056770E+02	-3.925170E+01
2024-08-27 22:00:00+00:00	2024-08-27 19:00:00-03:00	-4.790180E+01	1.021490E+01
2024-08-27 23:00:00+00:00	2024-08-27 20:00:00-03:00	-3.297450E+02	6.481770E+01
2024-08-28 00:00:00+00:00	2024-08-27 21:00:00-03:00	-6.048350E+02	1.179710E+02
2024-08-28 01:00:00+00:00	2024-08-27 22:00:00-03:00	-8.327650E+02	1.621130E+02
2024-08-28 02:00:00+00:00	2024-08-27 23:00:00-03:00	-9.761720E+02	1.901880E+02
2024-08-28 03:00:00+00:00	2024-08-28 00:00:00-03:00	-1.009110E+03	1.971530E+02
2024-08-28 04:00:00+00:00	2024-08-28 01:00:00-03:00	-9.231290E+02	1.811410E+02
2024-08-28 05:00:00+00:00	2024-08-28 02:00:00-03:00	-7.294710E+02	1.439760E+02
2024-08-28 06:00:00+00:00	2024-08-28 03:00:00-03:00	-4.568830E+02	9.091890E+01
2024-08-28 07:00:00+00:00	2024-08-28 04:00:00-03:00	-1.456820E+02	2.966770E+01
2024-08-28 08:00:00+00:00	2024-08-28 05:00:00-03:00	1.604130E+02	-3.115550E+01
2024-08-28 09:00:00+00:00	2024-08-28 06:00:00-03:00	4.227430E+02	-8.369630E+01
2024-08-28 10:00:00+00:00	2024-08-28 07:00:00-03:00	6.146300E+02	-1.223560E+02
2024-08-28 11:00:00+00:00	2024-08-28 08:00:00-03:00	7.254170E+02	-1.447430E+02
2024-08-28 12:00:00+00:00	2024-08-28 09:00:00-03:00	7.609290E+02	-1.518800E+02
2024-08-28 13:00:00+00:00	2024-08-28 10:00:00-03:00	7.404160E+02	-1.476230E+02
2024-08-28 14:00:00+00:00	2024-08-28 11:00:00-03:00	6.906750E+02	-1.374280E+02
2024-08-28 15:00:00+00:00	2024-08-28 12:00:00-03:00	6.386000E+02	-1.267720E+02
2024-08-28 16:00:00+00:00	2024-08-28 13:00:00-03:00	6.037720E+02	-1.195940E+02
2024-08-28 17:00:00+00:00	2024-08-28 14:00:00-03:00	5.928280E+02	-1.171670E+02
2024-08-28 18:00:00+00:00	2024-08-28 15:00:00-03:00	5.971600E+02	-1.177080E+02
2024-08-28 19:00:00+00:00	2024-08-28 16:00:00-03:00	5.948560E+02	-1.168570E+02
2024-08-28 20:00:00+00:00	2024-08-28 17:00:00-03:00	5.567990E+02	-1.089460E+02
2024-08-28 21:00:00+00:00	2024-08-28 18:00:00-03:00	4.556780E+02	-8.876600E+01
2024-08-28 22:00:00+00:00	2024-08-28 19:00:00-03:00	2.755810E+02	-5.336930E+01
2024-08-28 23:00:00+00:00	2024-08-28 20:00:00-03:00	1.941340E+01	-3.407750E+00
2024-08-29 00:00:00+00:00	2024-08-28 21:00:00-03:00	-2.883040E+02	5.639530E+01
2024-08-29 01:00:00+00:00	2024-08-28 22:00:00-03:00	-6.045270E+02	1.178390E+02
2024-08-29 02:00:00+00:00	2024-08-28 23:00:00-03:00	-8.762560E+02	1.708190E+02
2024-08-29 03:00:00+00:00	2024-08-29 00:00:00-03:00	-1.052500E+03	2.055290E+02
2024-08-29 04:00:00+00:00	2024-08-29 01:00:00-03:00	-1.096520E+03	2.147450E+02
2024-08-29 05:00:00+00:00	2024-08-29 02:00:00-03:00	-9.949840E+02	1.956150E+02
2024-08-29 06:00:00+00:00	2024-08-29 03:00:00-03:00	-7.617030E+02	1.504830E+02
2024-08-29 07:00:00+00:00	2024-08-29 04:00:00-03:00	-4.348990E+02	8.652210E+01
2024-08-29 08:00:00+00:00	2024-08-29 05:00:00-03:00	-6.881860E+01	1.423940E+01
2024-08-29 09:00:00+00:00	2024-08-29 06:00:00-03:00	2.781480E+02	-5.479070E+01
2024-08-29 10:00:00+00:00	2024-08-29 07:00:00-03:00	5.559110E+02	-1.104190E+02
2024-08-29 11:00:00+00:00	2024-08-29 08:00:00-03:00	7.327690E+02	-1.460430E+02
2024-08-29 12:00:00+00:00	2024-08-29 09:00:00-03:00	8.009140E+02	-1.598540E+02
2024-08-29 13:00:00+00:00	2024-08-29 10:00:00-03:00	7.762480E+02	-1.549050E+02
2024-08-29 14:00:00+00:00	2024-08-29 11:00:00-03:00	6.927220E+02	-1.380060E+02
2024-08-29 15:00:00+00:00	2024-08-29 12:00:00-03:00	5.925830E+02	-1.177150E+02
2024-08-29 16:00:00+00:00	2024-08-29 13:00:00-03:00	5.148230E+02	-1.019280E+02
2024-08-29 17:00:00+00:00	2024-08-29 14:00:00-03:00	4.845630E+02	-9.568970E+01
2024-08-29 18:00:00+00:00	2024-08-29 15:00:00-03:00	5.059780E+02	-9.977460E+01
2024-08-29 19:00:00+00:00	2024-08-29 16:00:00-03:00	5.607360E+02	-1.104470E+02
2024-08-29 20:00:00+00:00	2024-08-29 17:00:00-03:00	6.126510E+02	-1.204860E+02
2024-08-29 21:00:00+00:00	2024-08-29 18:00:00-03:00	6.177510E+02	-1.212440E+02
2024-08-29 22:00:00+00:00	2024-08-29 19:00:00-03:00	5.374020E+02	-1.052420E+02
2024-08-29 23:00:00+00:00	2024-08-29 20:00:00-03:00	3.510530E+02	-6.859440E+01
2024-08-30 00:00:00+00:00	2024-08-29 21:00:00-03:00	6.493050E+01	-1.260760E+01
2024-08-30 01:00:00+00:00	2024-08-29 22:00:00-03:00	-2.861070E+02	5.593200E+01
2024-08-30 02:00:00+00:00	2024-08-29 23:00:00-03:00	-6.445860E+02	1.259330E+02
2024-08-30 03:00:00+00:00	2024-08-30 00:00:00-03:00	-9.430950E+02	1.843920E+02
2024-08-30 04:00:00+00:00	2024-08-30 01:00:00-03:00	-1.120390E+03	2.194240E+02
2024-08-30 05:00:00+00:00	2024-08-30 02:00:00-03:00	-1.136680E+03	2.231630E+02
2024-08-30 06:00:00+00:00	2024-08-30 03:00:00-03:00	-9.838650E+02	1.937790E+02
2024-08-30 07:00:00+00:00	2024-08-30 04:00:00-03:00	-6.880450E+02	1.360710E+02
2024-08-30 08:00:00+00:00	2024-08-30 05:00:00-03:00	-3.036410E+02	6.046700E+01
2024-08-30 09:00:00+00:00	2024-08-30 06:00:00-03:00	9.930470E+01	-1.933290E+01
2024-08-30 10:00:00+00:00	2024-08-30 07:00:00-03:00	4.512720E+02	-8.948780E+01
2024-08-30 11:00:00+00:00	2024-08-30 08:00:00-03:00	6.987950E+02	-1.391420E+02
2024-08-30 12:00:00+00:00	2024-08-30 09:00:00-03:00	8.156300E+02	-1.627730E+02
2024-08-30 13:00:00+00:00	2024-08-30 10:00:00-03:00	8.070080E+02	-1.611920E+02
2024-08-30 14:00:00+00:00	2024-08-30 11:00:00-03:00	7.062040E+02	-1.409560E+02
2024-08-30 15:00:00+00:00	2024-08-30 12:00:00-03:00	5.644470E+02	-1.123630E+02
2024-08-30 16:00:00+00:00	2024-08-30 13:00:00-03:00	4.367380E+02	-8.654590E+01
2024-08-30 17:00:00+00:00	2024-08-30 14:00:00-03:00	3.670350E+02	-7.239900E+01
2024-08-30 18:00:00+00:00	2024-08-30 15:00:00-03:00	3.763900E+02	-7.413980E+01
2024-08-30 19:00:00+00:00	2024-08-30 16:00:00-03:00	4.570360E+02	-9.013240E+01
2024-08-30 20:00:00+00:00	2024-08-30 17:00:00-03:00	5.740650E+02	-1.133060E+02
2024-08-30 21:00:00+00:00	2024-08-30 18:00:00-03:00	6.745950E+02	-1.330880E+02
2024-08-30 22:00:00+00:00	2024-08-30 19:00:00-03:00	7.024070E+02	-1.383840E+02
2024-08-30 23:00:00+00:00	2024-08-30 20:00:00-03:00	6.144420E+02	-1.208330E+02
2024-08-31 00:00:00+00:00	2024-08-30 21:00:00-03:00	3.947810E+02	-7.747430E+01
2024-08-31 01:00:00+00:00	2024-08-30 22:00:00-03:00	6.204950E+01	-1.208760E+01
2024-08-31 02:00:00+00:00	2024-08-30 23:00:00-03:00	-3.322340E+02	6.521970E+01
2024-08-31 03:00:00+00:00	2024-08-31 00:00:00-03:00	-7.144500E+02	1.401280E+02
2024-08-31 04:00:00+00:00	2024-08-31 01:00:00-03:00	-1.006270E+03	1.974310E+02
2024-08-31 05:00:00+00:00	2024-08-31 02:00:00-03:00	-1.144090E+03	2.247340E+02
2024-08-31 06:00:00+00:00	2024-08-31 03:00:00-03:00	-1.095330E+03	2.155630E+02
2024-08-31 07:00:00+00:00	2024-08-31 04:00:00-03:00	-8.669880E+02	1.710710E+02
2024-08-31 08:00:00+00:00	2024-08-31 05:00:00-03:00	-5.043220E+02	9.987300E+01
2024-08-31 09:00:00+00:00	2024-08-31 06:00:00-03:00	-7.986660E+01	1.604950E+01
2024-08-31 10:00:00+00:00	2024-08-31 07:00:00-03:00	3.240910E+02	-6.419380E+01
2024-08-31 11:00:00+00:00	2024-08-31 08:00:00-03:00	6.350380E+02	-1.263510E+02
2024-08-31 12:00:00+00:00	2024-08-31 09:00:00-03:00	8.067420E+02	-1.609610E+02
2024-08-31 13:00:00+00:00	2024-08-31 10:00:00-03:00	8.287400E+02	-1.656450E+02
2024-08-31 14:00:00+00:00	2024-08-31 11:00:00-03:00	7.267030E+02	-1.453250E+02
2024-08-31 15:00:00+00:00	2024-08-31 12:00:00-03:00	5.539110E+02	-1.106090E+02
2024-08-31 16:00:00+00:00	2024-08-31 13:00:00-03:00	3.761820E+02	-7.476780E+01
2024-08-31 17:00:00+00:00	2024-08-31 14:00:00-03:00	2.541130E+02	-5.008240E+01
2024-08-31 18:00:00+00:00	2024-08-31 15:00:00-03:00	2.269850E+02	-4.451130E+01
2024-08-31 19:00:00+00:00	2024-08-31 16:00:00-03:00	3.022810E+02	-5.952860E+01
2024-08-31 20:00:00+00:00	2024-08-31 17:00:00-03:00	4.534490E+02	-8.970200E+01
2024-08-31 21:00:00+00:00	2024-08-31 18:00:00-03:00	6.266220E+02	-1.241400E+02
2024-08-31 22:00:00+00:00	2024-08-31 19:00:00-03:00	7.548890E+02	-1.494600E+02
2024-08-31 23:00:00+00:00	2024-08-31 20:00:00-03:00	7.767420E+02	-1.535190E+02
